"","Conc","BN.2","BN.29","C.10","C.11","DISP.40","DP.3","DP.4","SOLO.7","STM.3","STM.4","T.10","T.15","CL.20","CL.29","DL.24","DL.29","GN.11","GN.12","LL.1","LL.15","SL.19"
"1",0,0,0,0,0,0,0,0,0,0,0,0,0,0,0,0,0,0,0,0,0,0
"2",143.95,NA,0,NA,NA,NA,NA,NA,NA,NA,NA,NA,NA,NA,NA,0,0,NA,NA,NA,NA,NA
"3",148.3,NA,0,NA,0,NA,0,NA,NA,NA,NA,0,NA,NA,NA,0,0,NA,NA,NA,NA,NA
"4",153.35,0,0,0,0,0,0,NA,0,0,0,6.666666667,0,10,NA,0,0,0,NA,0,0,0
"5",156.2,0,20,10,50,10,0,0,30,0,0,0,20,0,0,0,0,20,0,10,6.666666667,0
"6",158.45,80,60,60,80,50,20,70,90,90,100,53.33333333,60,50,80,30,50,40,40,30,40,40
"7",160.35,90,100,90,90,100,60,100,100,100,100,73.33333333,100,90,100,80,60,40,100,80,73.33333333,60
"8",165.5,80,90,100,NA,NA,40,NA,70,NA,NA,NA,NA,90,NA,NA,NA,100,NA,100,NA,NA
